{
    "accuracy": 0.939469320066335,
    "precision": 0.8489208633093526,
    "recall": 0.6941176470588235
}
