{
    "accuracy": 0.9429407461594733,
    "precision": 0.85,
    "recall": 0.7157894736842105
}
