{
    "accuracy": 0.9304435483870968,
    "precision": 0.8053097345132744,
    "recall": 0.6594202898550725
}
